<?xml version="1.0" encoding="UTF-8"?>
<beans xmlns="http://www.springframework.org/schema/beans" xmlns:context="http://www.springframework.org/schema/context" xmlns:xsi="http://www.w3.org/2001/XMLSchema-instance"
 xsi:schemaLocation="http://www.springframework.org/schema/beans http://www.springframework.org/schema/beans/spring-beans-3.0.xsd
		http://www.springframework.org/schema/context http://www.springframework.org/schema/context/spring-context-3.0.xsd">

<!-- <context:component-scan base-package="com.ssc.sshz.peg.ptaf.inspection">
    	<context:include-filter type="regex" expression="com.ssc.sshz.peg.ptaf.inspection.bean.*"/>
</context:component-scan>

 -->
 	<context:component-scan base-package="com.ssc.sshz.peg.ptaf.inspection" >
	 <context:include-filter type="annotation" expression="org.springframework.stereotype.Service" />
	 <context:include-filter type="annotation" expression="org.springframework.stereotype.Controller" />
	 </context:component-scan> 
	<bean class="org.springframework.web.servlet.view.InternalResourceViewResolver">
	  
	</bean>
	
	<!-- add by alex for file upload start-->
	<bean id="multipartResolver"
           class="org.springframework.web.multipart.commons.CommonsMultipartResolver">
        <property name="defaultEncoding" value="UTF-8"/>
         	<!-- 设置上传文件大小的参数 -->
         	<!-- one of the properties available; the maximum file size in bytes -->
        <property name="maxUploadSize" value="1000000000"/>
        <property name="uploadTempDir" value="upload/temp"/>
    </bean>
	<!-- add by alex for file upload end-->

</beans>