<?xml version="1.0" encoding="UTF-8"?>
<beans xmlns="http://www.springframework.org/schema/beans" xmlns:context="http://www.springframework.org/schema/context" xmlns:aop="http://www.springframework.org/schema/aop" xmlns:tx="http://www.springframework.org/schema/tx" xmlns:xsi="http://www.w3.org/2001/XMLSchema-instance" xsi:schemaLocation="http://www.springframework.org/schema/beans http://www.springframework.org/schema/beans/spring-beans-3.0.xsd http://www.springframework.org/schema/aop http://www.springframework.org/schema/aop/spring-aop-3.0.xsd http://www.springframework.org/schema/tx http://www.springframework.org/schema/tx/spring-tx-3.0.xsd http://www.springframework.org/schema/context
           http://www.springframework.org/schema/context/spring-context-3.1.xsd">
	<bean id="dataSource"  class="com.mchange.v2.c3p0.ComboPooledDataSource"  destroy-method="close" >
		<property name="driverClass" value="com.mysql.jdbc.Driver"/>
		<property name="jdbcUrl" value="jdbc:mysql://10.248.98.111:3306/inspection_lee"/>
		<property name="user" value="apm"/>
		<property name="password" value="apm"/>
		<property name="maxPoolSize" value="30"/>
		<property name="acquireIncrement" value="15"/>
	</bean>

	<bean id="sqlSessionFactory" class="org.mybatis.spring.SqlSessionFactoryBean">
		<property name="dataSource" ref="dataSource"/>
		<property name="configLocation" value="classpath:mybatis-spring.xml"/>
		<property name="mapperLocations">
			<list>
				<value>classpath:com/ssc/sshz/peg/ptaf/inspection/mapper/sql/*-mapper.xml</value>
			</list>
		</property>
	</bean>

	<bean class="org.mybatis.spring.mapper.MapperScannerConfigurer">
		<property name="basePackage" value="com.ssc.sshz.peg.ptaf.inspection.mapper"/>
		<property name="markerInterface" value="com.ssc.sshz.peg.ptaf.inspection.mapper.SqlMapper"/>
	</bean>
	
	<bean id="transactionManager" class="org.springframework.jdbc.datasource.DataSourceTransactionManager">
		<property name="dataSource" ref="dataSource" />
	</bean>	
	<tx:annotation-driven transaction-manager="transactionManager" /> 

</beans>
