<?xml version="1.0" encoding="UTF-8"?>
<!DOCTYPE configuration PUBLIC "-//mybatis.org//DTD Config 3.0//EN" "http://mybatis.org/dtd/mybatis-3-config.dtd">
<configuration>
 	<!-- <settings>   
        <setting name="logImpl" value="LOG4J"/>   
    </settings> -->   


	<typeAliases>
	    <typeAlias type="com.ssc.sshz.peg.ptaf.inspection.bean.Project" alias="project"></typeAlias>
	    <typeAlias type="com.ssc.sshz.peg.ptaf.inspection.bean.Plan" alias="plan"></typeAlias>
	    <typeAlias type="com.ssc.sshz.peg.ptaf.inspection.bean.System" alias="system"></typeAlias>
	    <typeAlias type="com.ssc.sshz.peg.ptaf.inspection.bean.Runtime" alias="Runtime"></typeAlias>
	    <typeAlias type="com.ssc.sshz.peg.ptaf.inspection.bean.Item" alias="item"></typeAlias>
	    <typeAlias type="com.ssc.sshz.peg.ptaf.inspection.bean.User" alias="user"></typeAlias>
	    <typeAlias type="com.ssc.sshz.peg.ptaf.inspection.bean.PlanStrategy" alias="planStrategy"></typeAlias>
	    <typeAlias type="com.ssc.sshz.peg.ptaf.inspection.bean.Script" alias="script"></typeAlias>
	    <typeAlias type="com.ssc.sshz.peg.ptaf.inspection.bean.Request" alias="request"></typeAlias>
	    <typeAlias type="com.ssc.sshz.peg.ptaf.inspection.bean.CIConfig" alias="ciConfig"></typeAlias>
	    <typeAlias type="com.ssc.sshz.peg.ptaf.inspection.bean.PlanItem" alias="planItem"></typeAlias>
	    <typeAlias type="com.ssc.sshz.peg.ptaf.inspection.bean.ItemDetail" alias="itemDetail"></typeAlias>
	    <typeAlias type="com.ssc.sshz.peg.ptaf.inspection.bean.ItemStatistics" alias="itemStatistics"></typeAlias>
	    <typeAlias type="com.ssc.sshz.peg.ptaf.inspection.bean.RequestDetail" alias="requestDetail"></typeAlias>
	    <typeAlias type="com.ssc.sshz.peg.ptaf.inspection.bean.RequestStatistics" alias="requestStatistics"></typeAlias>
	    <typeAlias type="com.ssc.sshz.peg.ptaf.inspection.bean.TestBrief" alias="testBrief"></typeAlias>
	    <typeAlias type="com.ssc.sshz.peg.ptaf.inspection.bean.SystemItem" alias="systemItem"></typeAlias>
	    <typeAlias type="com.ssc.sshz.peg.ptaf.inspection.bean.PlanScript" alias="planScript"></typeAlias>
	    <typeAlias type="com.ssc.sshz.peg.ptaf.inspection.bean.CIScript" alias="ciScript"></typeAlias> 
	    <typeAlias type="com.ssc.sshz.peg.ptaf.inspection.bean.TestError" alias="testError"></typeAlias> 
	    <typeAlias type="com.ssc.sshz.peg.ptaf.inspection.bean.RuntimeTrigger" alias="runtimeTrigger"></typeAlias>
	    <typeAlias type="com.ssc.sshz.peg.ptaf.inspection.bean.Report" alias="report"></typeAlias>
	    <typeAlias type="com.ssc.sshz.peg.ptaf.inspection.bean.UserRight" alias="userRight"></typeAlias>
	    <typeAlias type="com.ssc.sshz.peg.ptaf.inspection.bean.Requirement" alias="requirement"></typeAlias>
	    <typeAlias type="com.ssc.sshz.peg.ptaf.inspection.bean.QrtzTriggers" alias="trigger"></typeAlias>
	    <typeAlias type="com.ssc.sshz.peg.ptaf.inspection.bean.Group" alias="group"></typeAlias>
	    <typeAlias type="com.ssc.sshz.peg.ptaf.inspection.bean.GroupRight" alias="groupRight"></typeAlias>
	    <typeAlias type="com.ssc.sshz.peg.ptaf.inspection.bean.Right" alias="right"></typeAlias>
	    <typeAlias type="com.ssc.sshz.peg.ptaf.inspection.bean.UserGroup" alias="userGroup"></typeAlias>
	    <typeAlias type="com.ssc.sshz.peg.ptaf.inspection.bean.RightProject" alias="rightProject"></typeAlias>
	    <typeAlias type="com.ssc.sshz.peg.ptaf.inspection.bean.RightNotification" alias="rightNotification"></typeAlias>
		<typeAlias type="com.ssc.sshz.peg.ptaf.inspection.bean.QTMLogScan" alias="qTMLogScan"></typeAlias>
	</typeAliases>
</configuration>
