<?xml version="1.0" encoding="UTF-8"?>
<!DOCTYPE configuration PUBLIC "-//mybatis.org//DTD Config 3.0//EN" "http://mybatis.org/dtd/mybatis-3-config.dtd">
<configuration>
	<settings>
		<!-- changes from the defaults for testing -->
		<setting name="cacheEnabled" value="false" />
		<setting name="useGeneratedKeys" value="true" />
		<setting name="defaultExecutorType" value="REUSE" />
		<!-- <setting name="logImpl" value="LOG4J"/> -->
	</settings>
	<typeAliases>
		<typeAlias type="com.ssc.sshz.peg.ptaf.inspection.bean.Project"
			alias="project"></typeAlias>
		<typeAlias type="com.ssc.sshz.peg.ptaf.inspection.bean.Plan"
			alias="plan"></typeAlias>
		<typeAlias type="com.ssc.sshz.peg.ptaf.inspection.bean.System"
			alias="system"></typeAlias>
		<typeAlias type="com.ssc.sshz.peg.ptaf.inspection.bean.Runtime"
			alias="Runtime"></typeAlias>
		<typeAlias type="com.ssc.sshz.peg.ptaf.inspection.bean.Item"
			alias="item"></typeAlias>
		<typeAlias type="com.ssc.sshz.peg.ptaf.inspection.bean.User"
			alias="user"></typeAlias>
		<typeAlias type="com.ssc.sshz.peg.ptaf.inspection.bean.PlanStrategy"
			alias="planStrategy"></typeAlias>
		<typeAlias type="com.ssc.sshz.peg.ptaf.inspection.bean.Script"
			alias="script"></typeAlias>
		<typeAlias type="com.ssc.sshz.peg.ptaf.inspection.bean.Request"
			alias="request"></typeAlias>
		<typeAlias type="com.ssc.sshz.peg.ptaf.inspection.bean.CIConfig"
			alias="ciConfig"></typeAlias>
		<typeAlias type="com.ssc.sshz.peg.ptaf.inspection.bean.PlanItem"
			alias="planItem"></typeAlias>
		<typeAlias type="com.ssc.sshz.peg.ptaf.inspection.bean.ItemDetail"
			alias="itemDetail"></typeAlias>
		<typeAlias type="com.ssc.sshz.peg.ptaf.inspection.bean.ItemStatistics"
			alias="itemStatistics"></typeAlias>
		<typeAlias type="com.ssc.sshz.peg.ptaf.inspection.bean.RequestDetail"
			alias="requestDetail"></typeAlias>
		<typeAlias type="com.ssc.sshz.peg.ptaf.inspection.bean.RequestStatistics"
			alias="requestStatistics"></typeAlias>
		<typeAlias type="com.ssc.sshz.peg.ptaf.inspection.bean.TestBrief"
			alias="testBrief"></typeAlias>
		<typeAlias type="com.ssc.sshz.peg.ptaf.inspection.bean.SystemItem"
			alias="systemItem"></typeAlias>
		<typeAlias type="com.ssc.sshz.peg.ptaf.inspection.bean.PlanScript"
			alias="planScript"></typeAlias>
		<typeAlias type="com.ssc.sshz.peg.ptaf.inspection.bean.CIScript"
			alias="ciScript"></typeAlias>
		<typeAlias type="com.ssc.sshz.peg.ptaf.inspection.bean.TestError"
			alias="testError"></typeAlias>
		<typeAlias type="com.ssc.sshz.peg.ptaf.inspection.bean.Item"
			alias="item"></typeAlias>
		<typeAlias type="com.ssc.sshz.peg.ptaf.inspection.bean.Request"
			alias="request"></typeAlias>
		<typeAlias type="com.ssc.sshz.peg.ptaf.inspection.bean.RuntimeTrigger"
			alias="runtimeTrigger"></typeAlias>
		<typeAlias type="com.ssc.sshz.peg.ptaf.inspection.bean.UserRight"
			alias="userRight"></typeAlias>
	</typeAliases>
	<environments default="development">
		<environment id="development">
			<transactionManager type="jdbc" />
			<dataSource type="POOLED">
				<property name="driver" value="com.mysql.jdbc.Driver" />
				<property name="url" value="jdbc:mysql://10.248.98.111/inspection_lee" />
				<property name="username" value="apm" />
				<property name="password" value="apm" />
			</dataSource>
		</environment>
	</environments>
	<mappers>
		<mapper
			resource="com/ssc/sshz/peg/ptaf/inspection/mapper/sql/script-mapper.xml" />
		<mapper
			resource="com/ssc/sshz/peg/ptaf/inspection/mapper/sql/itemDetail-mapper.xml" />
		<mapper
			resource="com/ssc/sshz/peg/ptaf/inspection/mapper/sql/itemStatistics-mapper.xml" />
		<mapper
			resource="com/ssc/sshz/peg/ptaf/inspection/mapper/sql/requestDetail-mapper.xml" />
		<mapper
			resource="com/ssc/sshz/peg/ptaf/inspection/mapper/sql/requestStatistics-mapper.xml" />
		<mapper
			resource="com/ssc/sshz/peg/ptaf/inspection/mapper/sql/testBrief-mapper.xml" />
		<mapper
			resource="com/ssc/sshz/peg/ptaf/inspection/mapper/sql/planScript-mapper.xml" />
		<mapper
			resource="com/ssc/sshz/peg/ptaf/inspection/mapper/sql/ciConfig-mapper.xml" />
		<mapper
			resource="com/ssc/sshz/peg/ptaf/inspection/mapper/sql/ciScript-mapper.xml" />
		<mapper
			resource="com/ssc/sshz/peg/ptaf/inspection/mapper/sql/testError-mapper.xml" />
		<mapper resource="com/ssc/sshz/peg/ptaf/inspection/mapper/sql/item-mapper.xml" />
		<mapper
			resource="com/ssc/sshz/peg/ptaf/inspection/mapper/sql/request-mapper.xml" />
		<mapper
			resource="com/ssc/sshz/peg/ptaf/inspection/mapper/sql/runtimeTrigger-mapper.xml" />


		<!-- <mapper resource="com/ssc/sshz/peg/ptaf/inspection/bean/resultmap/script-resultmap.xml" 
			/> <mapper resource="com/ssc/sshz/peg/ptaf/inspection/bean/resultmap/itemDetail-resultmap.xml" 
			/> <mapper resource="com/ssc/sshz/peg/ptaf/inspection/bean/resultmap/itemStatistics-resultmap.xml" 
			/> <mapper resource="com/ssc/sshz/peg/ptaf/inspection/bean/resultmap/requestDetail-resultmap.xml" 
			/> <mapper resource="com/ssc/sshz/peg/ptaf/inspection/bean/resultmap/requestStatistics-resultmap.xml" 
			/> <mapper resource="com/ssc/sshz/peg/ptaf/inspection/bean/resultmap/testBrief-resultmap.xml" 
			/> <mapper resource="com/ssc/sshz/peg/ptaf/inspection/bean/resultmap/planScript-resultmap.xml" 
			/> <mapper resource="com/ssc/sshz/peg/ptaf/inspection/bean/resultmap/ciScript-resultmap.xml" 
			/> -->

		<mapper
			resource="com/ssc/sshz/peg/ptaf/inspection/mapper/sql/project-mapper.xml" />
		<!-- <mapper resource="com/ssc/sshz/peg/ptaf/inspection/bean/resultmap/project-resultmap.xml" 
			/> -->

		<mapper
			resource="com/ssc/sshz/peg/ptaf/inspection/mapper/sql/ciConfig-mapper.xml" />
		<!-- <mapper resource="com/ssc/sshz/peg/ptaf/inspection/bean/resultmap/ciConfig-resultmap.xml" 
			/> -->

	</mappers>
</configuration>  