<?xml version="1.0" encoding="UTF-8"?>
<!DOCTYPE generatorConfiguration PUBLIC "-//mybatis.org//DTD MyBatis Generator Configuration 1.0//EN" "http://mybatis.org/dtd/mybatis-generator-config_1_0.dtd">
<generatorConfiguration>
	<!-- classPathEntry:数据库的JDBC驱动,换成你自己的驱动位置 -->
	<classPathEntry location="./WebContent/WEB-INF/lib/mysql-connector-java-5.1.18-bin.jar" />
	<context id="mysqltables" targetRuntime="MyBatis3">
	<!-- 去除自动生成的注释 -->
	<commentGenerator>
		<property name="suppressAllComments" value="true" />
	</commentGenerator>
	<jdbcConnection driverClass="com.mysql.jdbc.Driver" connectionURL="jdbc:mysql://10.248.98.111:3306/inspection_lee" userId="root" password="123456">
	</jdbcConnection>
	<javaTypeResolver >
		<property name="forceBigDecimals" value="false" />
	</javaTypeResolver>
	<!-- targetProject:自动生成代码的位置 -->
	<!-- java POJO bean [java class]-->
	<javaModelGenerator targetPackage="com.ssc.sshz.peg.ptaf.inspection.bean" targetProject="./src">
		<property name="enableSubPackages" value="true" />
		<property name="trimStrings" value="true" />
	</javaModelGenerator>
	<!-- mappersql and resultmap [xml file]-->
	<sqlMapGenerator targetPackage="com.ssc.sshz.peg.ptaf.inspection.mapper.sql"  targetProject="./src">
		<property name="enableSubPackages" value="true" />
	</sqlMapGenerator>
	<!-- mapper class [java class] -->
	<javaClientGenerator type="XMLMAPPER" targetPackage="com.ssc.sshz.peg.ptaf.inspection.mapper"  targetProject="./src">
		<property name="enableSubPackages" value="true" />
	</javaClientGenerator>
	<!-- tableName:用于自动生成代码的数据库表 -->
	<table tableName="system"  domainObjectName="systemDemo"
			enableCountByExample="false"
			enableUpdateByExample="false"
			enableDeleteByExample="false"
			enableSelectByExample="false"
			selectByExampleQueryId="false" />
<!--	<table tableName="project" 
			enableCountByExample="false"
			enableUpdateByExample="false"
			enableDeleteByExample="false"
			enableSelectByExample="false"
			selectByExampleQueryId="false" /> -->
	</context>
</generatorConfiguration>