<?xml version="1.0" encoding="UTF-8"?>
<beans:beans xmlns="http://www.springframework.org/schema/security"
            xmlns:beans="http://www.springframework.org/schema/beans"  xmlns:xsi="http://www.w3.org/2001/XMLSchema-instance"
            xsi:schemaLocation="http://www.springframework.org/schema/beans
            http://www.springframework.org/schema/beans/spring-beans-3.2.xsd
            http://www.springframework.org/schema/security
            http://www.springframework.org/schema/security/spring-security-3.2.xsd">
            <http auto-config="true" >
            	<intercept-url pattern="/plan/projectPageInit.do" access="ROLE_USER" />  
            	<intercept-url pattern="/project/homePageInit.do" access="ROLE_USER" />    
            	<intercept-url pattern="/plan/managePlanPageInit.do" access="ROLE_USER" />  
            	<intercept-url pattern="/project/manageProjectPageInit.do" access="ROLE_USER" />
            	<intercept-url pattern="/system/manageSystemPageInit.do" access="ROLE_USER" />    
            	<intercept-url pattern="/job/monitor.do" access="ROLE_USER" />    
            	<intercept-url pattern="/project/resultSearchPageInit.do" access="ROLE_USER" />    
                <intercept-url pattern="/view/step1.jsp" access="ROLE_USER" />
                <intercept-url pattern="/view/step2.jsp" access="ROLE_USER" />
                <intercept-url pattern="/view/step3.jsp" access="ROLE_USER" />
                <intercept-url pattern="/view/step4.jsp" access="ROLE_USER" />
                <intercept-url pattern="/view/requestDetail.jsp" access="ROLE_USER" />
                <intercept-url pattern="/view/resultSearch.jsp" access="ROLE_USER" />
                <intercept-url pattern="/view/transRequests.jsp" access="ROLE_USER" />
                <intercept-url pattern="/view/homepage.jsp" access="ROLE_USER" />
                <intercept-url pattern="/view/showAjaxTestbrief.jsp" access="ROLE_USER" />
                  
                <form-login login-page="/view/login.jsp"  
          		  authentication-failure-url="/view/login.jsp"  
          		  default-target-url="/project/homepageInit.do" /> 
            </http>
            <authentication-manager>
	            <authentication-provider>
	            <password-encoder hash='md5'/>  
	            <!--   <user-service>
	             	<user name="user1" password="123456"  authorities="ROLE_USER" />
	             </user-service>-->
	            <!-- <password-encoder ref="passwordEncoder"/>  -->
	            <jdbc-user-service data-source-ref="dataSource"  
                users-by-username-query="select username,password,true from inspection_user where username=?"  
                authorities-by-username-query="select username,right_name from user_right where username =?" />
	            </authentication-provider>
            </authentication-manager>
</beans:beans>

<!-- group-authorities-by-username-query="select  right_id,project_name,right_name from right_project where right_id in (select user_right.right_id from user_right where user_right.username = ?)" -->