<?xml version="1.0" encoding="UTF-8"?>
<!DOCTYPE mapper PUBLIC "-//mybatis.org//DTD Mapper 3.0//EN" "http://mybatis.org/dtd/mybatis-3-mapper.dtd">
<mapper namespace="com.ssc.sshz.peg.ptaf.inspection.mapper.CIConfigMapper">
	<resultMap type="com.ssc.sshz.peg.ptaf.inspection.bean.CIConfig" id="ciConfigResultMap">
		<id property="configId" column="config_id"/>
		<id property="configName" column="config_file_name"/>
		<id property="configFileMd5" column="config_file_md5"/>
		<id property="configFile" column="config_file" />
		<id property="createdBy" column="created_by"/>
		<id property="createTime" column="create_time"/>
		<id property="summaryId" column="summary_id"/>
	</resultMap>
	
	<select id="getAllCIConfig" resultType="list" resultMap="ciConfigResultMap">
		<![CDATA[
			select * from ci_config
		]]>
	</select>
	
	<select id="getCIConfig" parameterType="ciConfig"  resultType="ciConfig" resultMap="ciConfigResultMap">
		<![CDATA[
			select * from ci_config where config_file_name = #{configName} and created_by = #{createdBy} and config_file_md5 = #{configFileMd5} and summary_id = #{summaryId}
		]]>
	</select>
	
	
	<select id="getCIConfigBySystemuuid" parameterType="String"  resultType="ciConfig" resultMap="ciConfigResultMap">
		<![CDATA[
			select * from ci_config where config_id=(
		        select config_id from ci_script where script_id=(
		                select script_id from plan_script where plan_id=( 
		                        select plan_id from plan where system_id=( 
		                                select system_id from system where system_uuid=#{systemuuid}))));
		]]>
	</select>
	
	 <insert id="addCIConfig" useGeneratedKeys="true" keyProperty="configId" parameterType="ciConfig">
		<![CDATA[
		insert into ci_config(config_file_name,config_file,created_by, create_time, summary_id, config_file_md5) values (#{configName},#{configFile},#{createdBy},now(), #{summaryId},#{configFileMd5})
		]]>
	</insert>
	
	<delete id="delCIConfig" parameterType="ciConfig">
		delete from ci_config where config_name = #{configName} and created_by = #{createdBy}
	</delete>	
	
	<update id="updateCIConfig" parameterType="ciConfig">
	<![CDATA[
		update ci_config set config_file = #{configFile} , summary_id = #{summaryId} ,create_time = now(), config_file_name = #{configName} , created_by = #{createdBy} , summary_id = #{summaryId}, config_file_md5 = #{configFileMd5} where config_id = #{configId}
		]]>
	</update>
	
	<select id="getCIConfigCount" parameterType="ciConfig"  resultType="Integer">
		<![CDATA[
			select count(*) from ci_config where config_file_name = #{configName} and created_by = #{createdBy} 
		]]>
	</select>
	
		<select id="getCIConfigByMD5" parameterType="ciConfig"  resultType="ciConfig" resultMap="ciConfigResultMap">
		<![CDATA[
			select * from ci_config where config_file_md5 = #{configFileMd5}  
		]]>
	</select>
	
	<select id="getCIConfigCountByMD5" parameterType="ciConfig"  resultType="Integer" >
		<![CDATA[
			select count(*) from ci_config where config_file_md5 = #{configFileMd5}  
		]]>
	</select>
	
</mapper>