<?xml version="1.0" encoding="UTF-8"?>
<!DOCTYPE mapper PUBLIC "-//mybatis.org//DTD Mapper 3.0//EN" "http://mybatis.org/dtd/mybatis-3-mapper.dtd">
<mapper namespace="com.ssc.sshz.peg.ptaf.inspection.mapper.CIScriptMapper">
	<resultMap type="com.ssc.sshz.peg.ptaf.inspection.bean.CIScript" id="ciScriptResultMap">
		<id property="relationId" column="relation_id"/>
		<id property="configId" column="config_id"/>
		<id property="scriptId" column="script_id"/>
	</resultMap>
		
	<select id="getAllCIScript" resultType="list" resultMap="ciScriptResultMap">
		<![CDATA[
			select * from ci_script
		]]>
	</select>
	
	<select id="getCIScript" parameterType="ciScript"  resultType="ciScript" resultMap="ciScriptResultMap">
		<![CDATA[
			select * from ci_script where config_id = #{configId} and script_id = #{scriptId} 
		]]>
	</select>
	
	
	
	 <insert id="addCIScript" useGeneratedKeys="true" keyProperty="relationId" parameterType="ciScript">
		<![CDATA[
		insert into ci_script(config_id,script_id) values (#{configId},#{scriptId})
		]]>
	</insert>
	
	<select id="getCIScriptByConfigId" parameterType="Integer"  resultType="ciScript" resultMap="ciScriptResultMap">
		<![CDATA[
			select * from ci_script where config_id = #{configId}
		]]>
	</select>
</mapper> 