<?xml version="1.0" encoding="UTF-8"?>
<!DOCTYPE mapper PUBLIC "-//mybatis.org//DTD Mapper 3.0//EN" "http://mybatis.org/dtd/mybatis-3-mapper.dtd">
<mapper namespace="com.ssc.sshz.peg.ptaf.inspection.mapper.GroupMapper">
	<resultMap type="com.ssc.sshz.peg.ptaf.inspection.bean.Group" id="groupResultMap">
		<id property="groupId" column="group_id"/>
		<id property="groupName" column="group_name"/>
		<id property="groupEmail" column="group_email"/>
		<id property="groupDescription" column="group_description" />
	</resultMap>
	
	
	 <insert id="addGroup" useGeneratedKeys="true" keyProperty="groupId" parameterType="group">
		<![CDATA[
		insert into inspection_group(group_name,group_email,group_description) values (#{groupName},#{groupEmail},#{groupDescription})
		]]>
	</insert>
	
	 <select id="getGroupByGroupName" parameterType="String" resultType="group" resultMap="groupResultMap">
		<![CDATA[
		select * from inspection_group where group_name = #{groupName}
		]]>
	</select>
	
	
</mapper>