<?xml version="1.0" encoding="UTF-8"?>
<!DOCTYPE mapper PUBLIC "-//mybatis.org//DTD Mapper 3.0//EN" "http://mybatis.org/dtd/mybatis-3-mapper.dtd">
<mapper namespace="com.ssc.sshz.peg.ptaf.inspection.mapper.GroupRightMapper">
	<resultMap type="com.ssc.sshz.peg.ptaf.inspection.bean.GroupRight" id="groupRightResultMap">
		<id property="groupRightId" column="group_right_id"/>
		<result property="groupRightName" column="group_right_name"/>
		<result property="groupId" column="group_id"/>
		<result property="groupName" column="group_name" />
		<result property="rightId" column="right_id"/>
		<result property="rightName" column="right_name" />
		<result property="groupRightDescription" column="group_right_description" />
	</resultMap>
	
	
	 <insert id="addGroupRight" useGeneratedKeys="true" keyProperty="groupRightId" parameterType="groupRight">
		<![CDATA[
		insert into group_right(group_right_name,group_id,group_name,right_id,right_name,group_right_description) values (#{groupRightName},#{groupId},#{groupName},#{rightId},#{rightName},#{groupRightDescription})
		]]>
	</insert>
	
	
	<select id="getAllGroupRight" resultType="List" resultMap="groupRightResultMap">
	<![CDATA[
		select * from group_right;
	]]>
	</select>
	
	<select id="getGroupRightByGroupName" parameterType="String" resultType="List" resultMap="groupRightResultMap">
	<![CDATA[
		select * from group_right where group_name = #{groupName};
	]]>
	</select>
</mapper>