<?xml version="1.0" encoding="UTF-8"?>
<!DOCTYPE mapper PUBLIC "-//mybatis.org//DTD Mapper 3.0//EN" "http://mybatis.org/dtd/mybatis-3-mapper.dtd">
<mapper namespace="com.ssc.sshz.peg.ptaf.inspection.mapper.ItemStatisticsMapper">
	<resultMap type="com.ssc.sshz.peg.ptaf.inspection.bean.ItemStatistics" id="itemStatisticsResultMap">
		<id property="summaryId" column="statistics_id"/>
		<id property="itemId" column="item_id"/>
		<id property="itemName" column="item_name" />
		<id property="briefId" column="brief_id"/>
		<id property="planId" column="plan_id"/>
		<id property="requirementId" column="requirement_id"/>
		<id property="executionCount" column="execution_count"/>
		<id property="minResponseTime" column="min_response_time"/>
		<id property="ninetyResponseTime" column="90th_response_time"/>
		<id property="maxResponseTime" column="max_response_time"/>
		<id property="avgResponseTime" column="avg_response_time"/>
		<id property="stdResponseTime" column="std_response_time"/>
		<id property="isPassed" column="is_passed"/>
		<id property="requestCount" column="request_count"/>
		<id property="errorCount" column="error_count"/>
		<id property="errorRate" column="error_rate"/>
	</resultMap>
		
	<select id="getAllItemStatistics" resultType="list" resultMap="itemStatisticsResultMap">
		<![CDATA[
			select * from item_statistics
		]]>
	</select>
	
	
	<select id="getItemStitistics" parameterType="itemStatistics"  resultType="itemStatistics" resultMap="itemStatisticsResultMap">
		<![CDATA[
			select * from item_statistics where item_name = #{itemName} and brief_id = #{briefId} 
		]]>
	</select>
	
	
	<select id="getItemStitisticsByBriefId" parameterType="Integer"  resultType="list" resultMap="itemStatisticsResultMap">
		<![CDATA[
			select * from item_statistics where brief_id=#{briefId}
					
		]]>
	</select>
	
	
	<select id="getAllItemStatisticsByPlanIdAndItemId" parameterType="itemStatistics"  resultType="list" resultMap="itemStatisticsResultMap">
		<![CDATA[
			select * from item_statistics where item_id=#{itemId} and plan_id=#{planId} 
					
		]]>
	</select>
	
	 <insert id="addItemStatistics" useGeneratedKeys="true" keyProperty="summaryId" parameterType="itemStatistics">
		<![CDATA[
		insert into item_statistics(item_id,item_name,brief_id,plan_id, execution_count,min_response_time,90th_response_time,max_response_time,avg_response_time,std_response_time,is_passed, request_count,error_count,error_rate) values (#{itemId},#{itemName},#{briefId},#{planId}, #{executionCount}, #{minResponseTime},#{ninetyResponseTime}, #{maxResponseTime}, #{avgResponseTime},#{stdResponseTime},#{isPassed},#{requestCount}, #{errorCount},#{errorRate})
		]]>
	</insert>
	
	
	<update id="updateItemStitistics" parameterType="itemStatistics">
	<![CDATA[
		update item_statistics set item_id = #{itemId} , item_name = #{itemName} ,brief_id = #{briefId} ,plan_id = #{planId},execution_count = #{executionCount},min_response_time = #{minResponseTime},max_response_time = #{maxResponseTime},avg_response_time = #{avgResponseTime},is_passed = #{isPassed},request_count = #{requestCount},error_count = #{errorCount} ,error_rate = #{errorRate} where statistics_id = #{statisticsId}
		]]>
	</update>
	
</mapper>