<?xml version="1.0" encoding="UTF-8"?>
<!DOCTYPE mapper PUBLIC "-//mybatis.org//DTD Mapper 3.0//EN" "http://mybatis.org/dtd/mybatis-3-mapper.dtd">
<mapper namespace="com.ssc.sshz.peg.ptaf.inspection.mapper.ItemDetailMapper">
	<resultMap type="com.ssc.sshz.peg.ptaf.inspection.bean.ItemDetail" id="itemDetailResultMap">
		<id property="detailId" column="detail_id"/>
		<id property="itemId" column="item_id"/>
		<id property="itemName" column="item_name" />
		<id property="briefId" column="brief_id"/>
		<id property="planId" column="plan_id"/>
		<id property="responseTime" column="response_time"/>
		<id property="vuId" column="vu_id"/>
		<id property="startTime" column="start_time"/>
		<id property="thread" column="thread"/>
	</resultMap>
		
	<select id="getAllItemDetail" resultType="list" resultMap="itemDetailResultMap">
		<![CDATA[
			select * from item_detail
		]]>
	</select>
	
	
	<select id="getAllItemDetailByPlanId" parameterType="Integer"  resultType="list" resultMap="itemDetailResultMap">
		<![CDATA[
			select * from item_detail where plan_id=#{planId}
		]]>
	</select>
	
	<select id="getAllItemDetailByItemId" parameterType="Integer"  resultType="list" resultMap="itemDetailResultMap">
		<![CDATA[
			select * from item_detail where item_id=#{itemId}
		]]>
	</select>
	
	<select id="getAllItemDetailByItemIdAndBriefId" parameterType="itemDetail"  resultType="list" resultMap="itemDetailResultMap">
		<![CDATA[
			select * from item_detail where item_id=#{itemId} and brief_id=#{briefId}
		]]>
	</select>
	
	<select id="getItemDetail" parameterType="itemDetail"  resultType="itemDetail" resultMap="itemDetailResultMap">
		<![CDATA[
			select * from item_detail where item_name = #{itemName} and brief_id = #{briefId} and plan_id = #{planId}
		]]>
	</select>
	
	 <insert id="addItemDetail" useGeneratedKeys="true" keyProperty="detailId" parameterType="itemDetail">
		<![CDATA[
		insert into item_detail(item_id,item_name,brief_id,plan_id, response_time, start_time, thread) values (#{itemId},#{itemName},#{briefId},#{planId}, #{responseTime},#{startTime}, #{thread})
		]]>
	</insert>
	
	
	<update id="updateItemDetail" parameterType="itemDetail">
	<![CDATA[
		update item_detail set item_id = #{itemId} , item_name = #{itemName} ,brief_id = #{briefId} ,plan_id = #{planId},response_time = #{responseTime} where detail_id = #{detailId} 
		]]>
	</update>
	
</mapper>