<?xml version="1.0" encoding="UTF-8"?>
<!DOCTYPE mapper PUBLIC "-//mybatis.org//DTD Mapper 3.0//EN" "http://mybatis.org/dtd/mybatis-3-mapper.dtd">
<mapper namespace="com.ssc.sshz.peg.ptaf.inspection.mapper.ItemMapper">
	<resultMap type="com.ssc.sshz.peg.ptaf.inspection.bean.Item" id="itemResultMap">
		<id property="itemId" column="item_id"/>
		<id property="itemName" column="item_name"/>
		<id property="itemDescription" column="item_description"/>
		<id property="isDeleted" column="is_deleted"/>
		<id property="deleteTime" column="delete_time"/>
		<id property="systemId" column="system_id"/>
	</resultMap>	

	<insert id="addItem" useGeneratedKeys="true" keyProperty="itemId" parameterType="com.ssc.sshz.peg.ptaf.inspection.bean.Item">
		<![CDATA[
		insert into item (item_name,item_description,is_deleted,system_id)values (#{itemName},#{itemDescription},#{isDeleted},#{systemId})
		]]>
	</insert>
	
	<select id="getItemByName" parameterType="String" resultType="com.ssc.sshz.peg.ptaf.inspection.bean.Item" resultMap="itemResultMap">
	<![CDATA[
		select * from item where item_name = #{itemName} 
	]]>
	</select>
	
	
	<select id="getItemBySystemIdItemName" parameterType="com.ssc.sshz.peg.ptaf.inspection.bean.Item" resultType="com.ssc.sshz.peg.ptaf.inspection.bean.Item" resultMap="itemResultMap">
	<![CDATA[
		select * from item where system_id = #{systemId} and item_name= #{itemName}
	]]>
	</select>
	
	<select id="getItemById" parameterType="Integer" resultType="com.ssc.sshz.peg.ptaf.inspection.bean.Item" resultMap="itemResultMap">
	<![CDATA[
		select * from item where item_id = #{itemId} 
	]]>
	</select>
	
	<select id="getItemBySystemId" parameterType="Integer" resultType="list" resultMap="itemResultMap">
	<![CDATA[
		select * from item where system_id = #{systemId} 
	]]>
	</select>
	
	
	<select id="getAllItem" resultType="list" resultMap="itemResultMap">
		<![CDATA[
			select * from item 
		]]>
	</select>
</mapper>