<?xml version="1.0" encoding="UTF-8"?>
<!DOCTYPE mapper PUBLIC "-//mybatis.org//DTD Mapper 3.0//EN" "http://mybatis.org/dtd/mybatis-3-mapper.dtd">
<mapper namespace="com.ssc.sshz.peg.ptaf.inspection.mapper.PlanStrategyMapper">
	<resultMap type="com.ssc.sshz.peg.ptaf.inspection.bean.PlanStrategy" id="planStrategyResultMap">
		<id property="strategyId" column="strategy_id"/>
		<id property="strategyName" column="strategy_name"/>
		<id property="planId" column="plan_id"/>
		<id property="planName" column="plan_name"/>
		<id property="strategyLoad" column="strategy_load"/>
		<id property="loopCount" column="loop_count"/>
		<id property="strategyDescription" column="strategy_description"/>
	</resultMap>
	
	<insert id="addPlanStrategy" useGeneratedKeys="true" keyProperty="strategyId" parameterType="PlanStrategy">
		<![CDATA[
		insert into plan_strategy(strategy_name,plan_id,plan_name,strategy_load,loop_count,strategy_description)values (#{strategyName},#{planId},#{planName},#{strategyLoad},#{loopCount},#{strategyDescription})
		]]>
	</insert>
	
	<select id="getAllPlanStrategy" resultType="list" resultMap="planStrategyResultMap">
		<![CDATA[
			select * from plan_strategy
		]]>
	</select>
	
	<select id="getPlanStrategyByName" parameterType="String" resultType="com.ssc.sshz.peg.ptaf.inspection.bean.PlanStrategy" resultMap="planStrategyResultMap">
		<![CDATA[
			select * from plan_strategy where strategy_name = #{strategyName} 
		]]>	  
	 </select> 
	 
	 <select id="getPlanStrategyById" parameterType="Integer" resultType="com.ssc.sshz.peg.ptaf.inspection.bean.PlanStrategy" resultMap="planStrategyResultMap">
		<![CDATA[
			select * from plan_strategy where strategy_id = #{strategyId} 
		]]>	  
	 </select> 
	
	
	<select id="getPlanStrategyByPlanId" parameterType="Integer" resultType="planStrategy" resultMap="planStrategyResultMap">
		<![CDATA[
			select * from plan_strategy where plan_id = #{planId} 
		]]>	  
	 </select> 
	
</mapper>