<?xml version="1.0" encoding="UTF-8"?>
<!DOCTYPE mapper PUBLIC "-//mybatis.org//DTD Mapper 3.0//EN" "http://mybatis.org/dtd/mybatis-3-mapper.dtd">
<mapper namespace="com.ssc.sshz.peg.ptaf.inspection.mapper.PlanScriptMapper">
	<resultMap type="com.ssc.sshz.peg.ptaf.inspection.bean.PlanScript" id="planScriptResultMap">
		<id property="relationId" column="relation_id"/>
		<id property="planId" column="plan_id"/>
		<id property="planName" column="script_file" />
		<id property="scriptId" column="script_id"/>
		<id property="scriptName" column="script_name"/>
	</resultMap>
		
	<select id="getAllPlanScript" resultType="list" resultMap="planScriptResultMap">
		<![CDATA[
			select * from plan_script
		]]>
	</select>
	
	<select id="getPlanScript" parameterType="planScript"  resultType="planScript" resultMap="planScriptResultMap">
		<![CDATA[
			select * from plan_script where script_name = #{scriptName} and uploader_name = #{uploaderName} and is_valid = #{isValid}
		]]>
	</select>
	
	<select id="getPlanScriptByPlanId" parameterType="Integer"  resultType="planScript" resultMap="planScriptResultMap">
		<![CDATA[
			select * from plan_script where plan_id = #{planId}
		]]>
	</select>
	
	 <insert id="addPlanScript" useGeneratedKeys="true" keyProperty="relationId" parameterType="planScript">
		<![CDATA[
		insert into plan_script(plan_id,plan_name,script_id,script_name) values (#{planId},#{planName},#{scriptId},#{scriptName})
		]]>
	</insert>
	
	
</mapper>