<?xml version="1.0" encoding="UTF-8"?>
<!DOCTYPE mapper PUBLIC "-//mybatis.org//DTD Mapper 3.0//EN" "http://mybatis.org/dtd/mybatis-3-mapper.dtd">
<mapper namespace="com.ssc.sshz.peg.ptaf.inspection.mapper.PlanMapper">
	<resultMap type="com.ssc.sshz.peg.ptaf.inspection.bean.Plan" id="planResultMap">
		<id property="planId" column="plan_id"/>
		<id property="planName" column="plan_name"/>
		<id property="systemId" column="system_id"/>
		<id property="plancreatorId" column="plan_creator_id"/>
		<id property="isEnabled" column="is_enabled"/>
		<id property="lastExecutorId" column="last_executor_id"/>
		<id property="lastExecutorName" column="last_executor_name"/>
		<id property="lastExecutionTime" column="last_execution_time"/>
		<id property="executionCount" column="execution_count"/>
		<id property="isDeleted" column="is_deleted"/>
		<id property="deleteTime" column="delete_time"/>
		<id property="planDescription" column="plan_description"/>
	</resultMap>
	
	<select id="getAllPlan" resultType="list" resultMap="planResultMap">
		<![CDATA[
			select * from plan order by last_execution_time
		]]>
	</select>
	
	<select id="getPlanById" parameterType="Integer"  resultType="com.ssc.sshz.peg.ptaf.inspection.bean.Plan" resultMap="planResultMap">
		<![CDATA[
			select * from plan where plan_id = #{id} 
		]]>
	</select>
	
	<select id="getPlanByName" parameterType="String" resultType="com.ssc.sshz.peg.ptaf.inspection.bean.Plan" resultMap="planResultMap">
		<![CDATA[
			select * from plan where plan_name = #{planName} 
		]]>	  
	 </select> 
	 
	<select id="getPlanBySystemId" parameterType="Integer" resultType="list" resultMap="planResultMap">
		<![CDATA[
			select * from plan where system_id = #{systemId} 
		]]>	  
	 </select> 
	 
	<select id="getPlanBySystemIdPlanName" parameterType="Plan" resultType="com.ssc.sshz.peg.ptaf.inspection.bean.Plan" resultMap="planResultMap">
		<![CDATA[
			select * from plan where system_id = #{systemId} and plan_name=#{planName}
		]]>	  
	 </select> 

	<insert id="addPlan" useGeneratedKeys="true" keyProperty="planId" parameterType="Plan">
		<![CDATA[
		insert into plan (plan_name,system_id,plan_creator_id,is_enabled,last_executor_id,last_executor_name,last_execution_time,execution_count,is_deleted,delete_time,plan_description)values (#{planName},#{systemId},#{plancreatorId},1,#{lastExecutorId},#{lastExecutorName},#{lastExecutionTime},#{executionCount},0,#{deleteTime},#{planDescription})
		]]>
	</insert>
	
<!-- 	<update id="editPlan" parameterType="plan">
		update plan set status = #{status},username = #{username},   password = #{password} 
  		where projectId = #{projectId} 
 	</update> -->
	
	
	<delete id="delPlanById" parameterType="Integer">
		delete from plan where plan_id = #{id}
	</delete>	
	
	<delete id="delPlanByName" parameterType="String">
		delete from plan where plan_name = #{name}
	</delete>
	
	

	

	
	<!-- generate PK by selectKey -->
<!-- 
	<sql id="user_name_pwd">
		username, password
	</sql>
	<insert id="addProject4Key" parameterType="project">
	<selectKey keyProperty="project_id" order="BEFORE" resultType="int">
	select cast(random() * 10000 as Integer) a from #Tab
	</selectKey>
 	 insert into project(project_id, status, username, password)   
	 values(#{projectId}, #{status}, #{username}, #{password}) 
 	</insert>
	
	<update id="editProject" parameterType="project">
		update project set   status = #{status},   username = #{username},   password = #{password} 
  		where projectId = #{projectId} 
 	</update>

	<delete id="removeProject" parameterType="int">
		delete from project where project_id = #{id}  
	</delete> -->
	
</mapper>