<?xml version="1.0" encoding="UTF-8"?>
<!DOCTYPE mapper PUBLIC "-//mybatis.org//DTD Mapper 3.0//EN" "http://mybatis.org/dtd/mybatis-3-mapper.dtd">
<mapper namespace="com.ssc.sshz.peg.ptaf.inspection.mapper.PlanItemMapper">
	<resultMap type="com.ssc.sshz.peg.ptaf.inspection.bean.PlanItem" id="planitemResultMap">
		<id property="relationId" column="relation_id"/>
		<id property="planId" column="plan_id"/>
		<id property="planName" column="plan_name"/>
		<id property="itemId" column="item_id"/>
		<id property="itemName" column="item_name"/>
		<id property="itemIsValid" column="item_isvalid"/>
	</resultMap>
	
	<insert id="addPlanItem" useGeneratedKeys="true" keyProperty="relationId" parameterType="PlanItem">
		<![CDATA[
		insert into plan_item (plan_id,plan_name,item_id,item_name,item_isvalid)values (#{planId},#{planName},#{itemId},#{itemName},#{itemIsValid})
		]]>
	</insert>
	
	<update id="updatePlanItem" parameterType="PlanItem">
	<![CDATA[
		update plan_item set plan_id = #{planId} , plan_name = #{planName} ,item_id = #{itemId} ,item_name = #{itemName},item_isvalid = #{itemIsValid} where item_id = #{itemId} and item_name = #{itemName}
		]]>
	</update>
	
	
	<select id="getPlanItemByItemId" parameterType="Integer" resultType="com.ssc.sshz.peg.ptaf.inspection.bean.PlanItem" resultMap="planitemResultMap">
	<![CDATA[
		select * from plan_item where item_id = #{itemId} 
	]]>
	</select>
	
	
	<select id="getAllPlanItem" resultType="list" resultMap="planitemResultMap">
		<![CDATA[
			select * from plan_item where item_isvalid=1
		]]>
	</select>
	
		
	<select id="getAllPlanItemByPlanId" parameterType="Integer" resultType="list" resultMap="planitemResultMap">
		<![CDATA[
			select * from plan_item where plan_id=#{planId}
		]]>
	</select>
	
	<select id="getvalidPlanItemByPlanId" parameterType="Integer" resultType="list" resultMap="planitemResultMap">
		<![CDATA[
			select * from plan_item where plan_id=#{planId} and item_isvalid=1
		]]>
	</select>
	
	<delete id="DeletePlanItemByPlanId" parameterType="int">
	delete from plan_item where plan_id=#{planId}
	</delete>
	
</mapper>