<?xml version="1.0" encoding="UTF-8"?>
<!DOCTYPE mapper PUBLIC "-//mybatis.org//DTD Mapper 3.0//EN" "http://mybatis.org/dtd/mybatis-3-mapper.dtd">
<mapper namespace="com.ssc.sshz.peg.ptaf.inspection.mapper.ProjectMapper">
	<resultMap type="com.ssc.sshz.peg.ptaf.inspection.bean.Project" id="projectResultMap">
		<id property="projectId" column="project_id"/>
		<id property="projectName" column="project_name"/>
		<id property="projectCreatorId" column="project_creator_id"/>
		<id property="projectCreatorName" column="project_creator_name"/>
		<id property="CreateTime" column="create_time"/>
		<id property="projectDescription" column="project_description"/>
		<id property="projectuuid" column="project_uuid"/>
	</resultMap>
	
	<select id="getProject" resultType="com.ssc.sshz.peg.ptaf.inspection.bean.Project" resultMap="projectResultMap">
		<![CDATA[
			select * from project limit 1
		]]>
	</select>
  
	<select id="getAllProject" resultType="list" resultMap="projectResultMap">
		<![CDATA[
			select * from project 
		]]>
	</select>
	
	<select id="getAllProjectByUsername" parameterType="String"  resultType="list" resultMap="projectResultMap">
		<![CDATA[
			select * from project where project_creator_name=#{userName}
		]]>
	</select>
		
	<select id="getProjectById" parameterType="Integer" resultType="com.ssc.sshz.peg.ptaf.inspection.bean.Project" resultMap="projectResultMap">
	<![CDATA[
		select * from project where project_id = #{projectId} 
	]]>
	</select>
	
	<select id="getProjectByuuid" parameterType="String" resultType="com.ssc.sshz.peg.ptaf.inspection.bean.Project" resultMap="projectResultMap">
	<![CDATA[
		select * from project where project_uuid = #{projectuuid} 
	]]>
	</select>
	
	<select id="getProjectByName" parameterType="String" resultType="com.ssc.sshz.peg.ptaf.inspection.bean.Project" resultMap="projectResultMap">
	<![CDATA[
		select * from project where project_name = #{projectName} 
	]]>
	</select>
	
	<sql id="user_name_pwd">
		username, password
	</sql>
	
	<insert id="addProject" useGeneratedKeys="true" keyProperty="projectId" parameterType="Project">
	<![CDATA[
	insert into project(project_name,project_creator_id,project_creator_name,create_time,project_description,project_uuid) values (#{projectName},#{projectCreatorId},#{projectCreatorName},now(),#{projectDescription},uuid())
	]]>
	</insert>
	
	<!-- generate PK by selectKey -->
	<insert id="addProject4Key" parameterType="project">
	<selectKey keyProperty="project_id" order="BEFORE" resultType="int">
	select cast(random() * 10000 as Integer) a from #Tab
	</selectKey>
 	 insert into project(project_id, status, username, password)   
	 values(#{projectId}, #{status}, #{username}, #{password}) 
 	</insert>
	
	<update id="editProject" parameterType="project">
		update project set   status = #{status},   username = #{username},   password = #{password} 
  		where project_id = #{projectId} 
 	</update>

	<delete id="delProject" parameterType="int">
	delete from project where project_id=#{projectId}
	</delete>
</mapper>