<?xml version="1.0" encoding="UTF-8"?>
<!DOCTYPE mapper PUBLIC "-//mybatis.org//DTD Mapper 3.0//EN" "http://mybatis.org/dtd/mybatis-3-mapper.dtd">
<mapper namespace="com.ssc.sshz.peg.ptaf.inspection.mapper.QTMLogScanMapper">
	<resultMap type="com.ssc.sshz.peg.ptaf.inspection.bean.QTMLogScan" id="qtmLogScanResultMap">
		<id property="scanId" column="scan_id"/>
		<id property="scanUUID" column="scan_uuid"/>
		<id property="projectName" column="project_name"/>
		<id property="fgSystemName" column="fg_system_name" />
		<id property="bgSystemName" column="bg_system_name"/>
		<id property="fgContext" column="fg_context"/>
		<id property="bgContext" column="bg_context"/>
		<id property="fgEnv" column="fg_env"/>
		<id property="bgEnv" column="bg_env"/>
		<id property="startTime" column="start_time"/>
		<id property="endTime" column="end_time"/>
		<id property="executePercentage" column="execute_percentage"/>
		<id property="errorFile" column="error_file"/>
	</resultMap>
	
	<select id="getAllQTMLogScan" resultType="list" resultMap="qtmLogScanResultMap">
		<![CDATA[
			select * from qtm_log_scan 
		]]>
	</select>
	
	<select id="getQTMLogScanById" parameterType="int"  resultType="qtmLogScan" resultMap="qtmLogScanResultMap">
		<![CDATA[
			select * from qtm_log_scan where scan_id = #{scanId} 
		]]>
	</select>
	
	
	 <insert id="addQTMLogScan" useGeneratedKeys="true" keyProperty="scanId" parameterType="qtmLogScan">
		<![CDATA[
		insert into qtm_log_scan(scan_uuid,project_name,fg_system_name, bg_system_name,fg_context,bg_context, fg_env, bg_env,start_time,end_time,execute_percentage,error_file) values (#{scanUUID},#{projectName},#{fgSystemName},#{bgSystemName},#{fgContext},#{bgContext}, #{fgEnv},#{bgEnv},#{startTime},#{endTime},#{executePercentage},#{errorFile})
		]]>
	</insert>
	
	<delete id="delQTMLogScanById" parameterType="int">
		delete from qtm_log_scan where scan_id = #{scanId}
	</delete>	
	
	<update id="updateQTMLogScanFile" >
	<![CDATA[
		update qtm_log_scan set error_file = #{errorFile}  where scan_id = #{scanId}
		]]>
	</update>
	
	<update id="updateQTMLogScanProgress" >
	<![CDATA[
		update qtm_log_scan set execute_percentage = #{executePercentage}  where scan_id = #{scanId}
		]]>
	</update>
	
</mapper>