<?xml version="1.0" encoding="UTF-8"?>
<!DOCTYPE mapper PUBLIC "-//mybatis.org//DTD Mapper 3.0//EN" "http://mybatis.org/dtd/mybatis-3-mapper.dtd">
<mapper namespace="com.ssc.sshz.peg.ptaf.inspection.mapper.ReportMapper">
	<resultMap type="com.ssc.sshz.peg.ptaf.inspection.bean.Report"
		id="reportResultMap">
		<id property="reportId" column="report_id" />
		<id property="reportUUID" column="report_uuid" />
		<id property="projectName" column="project_name" />
		<id property="fgSystemName" column="fg_system_name" />
		<id property="bgSystemName" column="bg_system_name" />
		<id property="reportName" column="report_name" />
		<id property="fgContext" column="fg_context" />
		<id property="bgContext" column="bg_context" />
		<id property="fgEnv" column="fg_env" />
		<id property="bgEnv" column="bg_env" />
		<id property="startTime" column="start_time" />
		<id property="endTime" column="end_time" />
		<id property="analysisStatus" column="analysis_status" />
		<id property="executePercentage" column="execute_percentage" />
	</resultMap>

	<select id="getAllReport" resultType="List" resultMap="reportResultMap">
		<![CDATA[
			select * from report order by report_id desc;
		]]>
	</select>

	<select id="getDownloadPercentList" resultType="List" resultMap="reportResultMap">
		<![CDATA[
			select * from report where analysis_status="downloading" order by report_id desc ;
		]]>
	</select>

	<select id="getPagingReprot" parameterType="map" resultType="List"
		resultMap="reportResultMap">
		<![CDATA[
			select * from report order by report_id desc LIMIT #{pageNumber},#{pageSize};
		]]>
	</select>
	
	<select id="getReportByUUID" parameterType="String" resultType="com.ssc.sshz.peg.ptaf.inspection.bean.Report" resultMap="reportResultMap">
	<![CDATA[
		select * from report where report_uuid = #{reportUUID} 
	]]>
	</select>

	<insert id="addReport" useGeneratedKeys="true" keyProperty="reportId">
		<![CDATA[
		insert into report (report_uuid,project_name,fg_system_name,bg_system_name,report_name,fg_context,bg_context,fg_env,bg_env,start_time,end_time,analysis_status,execute_percentage) values (#{reportUUID},#{projectName},#{fgSystemName},#{bgSystemName},#{reportName},#{fgContext},#{bgContext},#{fgEnv},#{bgEnv},#{startTime},#{endTime},#{analysisStatus},#{executePercentage})
		]]>
	</insert>

	<update id="updateByStatus">
		<![CDATA[
		update report set analysis_status = #{analysisStatus} where report_uuid = #{reportUUID}
		]]>
	</update>

	<update id="updateExecutePercent">
		<![CDATA[
		update report set execute_percentage = #{executePercentage} where report_uuid = #{reportUUID}
		]]>
	</update>

	<delete id="deleteReportByUUID" parameterType="String">
		<![CDATA[
		delete from report where report_uuid = #{reportUUID}
		]]>
	</delete>



</mapper> 