<?xml version="1.0" encoding="UTF-8"?>
<!DOCTYPE mapper PUBLIC "-//mybatis.org//DTD Mapper 3.0//EN" "http://mybatis.org/dtd/mybatis-3-mapper.dtd">
<mapper namespace="com.ssc.sshz.peg.ptaf.inspection.mapper.RequestDetailMapper">
	<resultMap type="com.ssc.sshz.peg.ptaf.inspection.bean.RequestDetail" id="requestDetailResultMap">
		<id property="detailId" column="detail_id"/>
		<id property="requestId" column="request_id"/>
		<id property="requestURL" column="request_url"/>
		<id property="requestName" column="request_name"/>
		<id property="itemId" column="item_id"/>
		<id property="itemName" column="item_name" />
		<id property="briefId" column="brief_id"/>
		<id property="planId" column="plan_id"/>
		<id property="vuId" column="vu_id"/>
		<id property="responseTime" column="response_time"/>
		<id property="returnCode" column="return_code"/>
		<id property="bodySize" column="body_size"/>
		<id property="isError" column="is_error"/>
		<id property="startTime" column="start_time"/>
		<id property="thread" column="thread"/>
	</resultMap>
		
	<select id="getAllRequestDetail" resultType="list" resultMap="requestDetailResultMap">
		<![CDATA[
			select * from request_detail
		]]>
	</select>
	
	<select id="getAllRequestDetailByPlanId" parameterType="Integer"  resultType="list" resultMap="requestDetailResultMap">
		<![CDATA[
			select * from request_detail where plan_id=#{planId}
		]]>
	</select>

	<select id="getAllRequestDetailByRequestId" parameterType="Integer"  resultType="list" resultMap="requestDetailResultMap">
		<![CDATA[
			select * from request_detail where request_id=#{requestId}
		]]>
	</select>
	
	<select id="getAllRequestDetailByRequestIdBriefId" parameterType="requestDetail"  resultType="list" resultMap="requestDetailResultMap">
		<![CDATA[
			select * from request_detail where request_id=#{requestId} and brief_id=#{briefId}
		]]>
	</select>
	
	<select id="getRequestDetail" parameterType="requestDetail"  resultType="requestDetail" resultMap="requestDetailResultMap">
		<![CDATA[
			select * from request_detail where detail_id = #{detailId} 
		]]>
	</select>
	
	<select id="getRequestDetailBySystemuuid" parameterType="String"  resultType="requestDetail" resultMap="requestDetailResultMap">
		<![CDATA[
			select * from request_detail where brief_id=(
				select brief_id from test_brief where plan_id=(
					select plan_id from plan where system_id=( 
						select system_id from system where system_uuid=#{systemuuid} ))); 
		]]>
	</select>
	
	 <insert id="addRequestDetail" useGeneratedKeys="true" keyProperty="detailId" parameterType="requestDetail">
		<![CDATA[
		insert into request_detail(request_id,request_url,request_name,item_id, item_name,brief_id,plan_id,response_time,return_code,body_size,is_error,start_time,thread) values (#{requestId},#{requestURL},#{requestName},#{itemId}, #{itemName},#{briefId} ,#{planId},#{responseTime},#{returnCode},#{bodySize},#{isError},#{startTime},#{thread})
		]]>
	</insert>

	<update id="updateRequestDetail" parameterType="requestDetail">
	<![CDATA[
		update request_detail set request_id = #{requestId} , request_url = #{requestURL} ,request_name = #{requestName} ,brief_id = #{briefId},plan_id = #{planId}, response_time = #{responseTime},return_code = #{returnCode}, body_size =#{bodySize} , is_error = #{isError} where detail_id = #{detailId} 
		]]>
	</update>
	
</mapper>