<?xml version="1.0" encoding="UTF-8"?>
<!DOCTYPE mapper PUBLIC "-//mybatis.org//DTD Mapper 3.0//EN" "http://mybatis.org/dtd/mybatis-3-mapper.dtd">
<mapper namespace="com.ssc.sshz.peg.ptaf.inspection.mapper.RequirementMapper">
	<resultMap type="com.ssc.sshz.peg.ptaf.inspection.bean.Requirement"
		id="requirementResultMap">
		<id property="requirementId" column="requirement_id" />
		<id property="planId" column="plan_id" />
		<id property="itemId" column="item_id" />
		<id property="avgResponseTime" column="avg_response_time_threshold" />
	</resultMap>

	<insert id="addRequirement" useGeneratedKeys="true" keyProperty="requirementId"
		parameterType="requirement">
		<![CDATA[
		insert into requirement(plan_id,item_id,avg_response_time_threshold) values (#{planId},#{itemId},#{avgResponseTime})
		]]>
	</insert>
	
	<select id="getRequirementByItemId" parameterType="Integer" resultType="requirement" resultMap="requirementResultMap">
		<![CDATA[
		select * from requirement where item_id = #{itemId}
		]]>
	</select>
</mapper>