<?xml version="1.0" encoding="UTF-8"?>
<!DOCTYPE mapper PUBLIC "-//mybatis.org//DTD Mapper 3.0//EN" "http://mybatis.org/dtd/mybatis-3-mapper.dtd">
<mapper namespace="com.ssc.sshz.peg.ptaf.inspection.mapper.RequestMapper">
	<resultMap type="com.ssc.sshz.peg.ptaf.inspection.bean.Request" id="requestResultMap">
		<id property="requestId" column="request_id"/>
		<id property="requestName" column="request_name"/>
		<id property="itemId" column="item_id"/>
		<id property="planId" column="plan_id"/>
		<id property="itemName" column="item_name"/>
		<id property="requestUrl" column="request_url"/>
		<id property="requestData" column="request_data"/>
	</resultMap>
	
	<insert id="addRequest" useGeneratedKeys="true" keyProperty="requestId" parameterType="request">
		<![CDATA[
		insert into request (request_name,plan_id,item_id,item_name,request_url)values (#{requestName},#{planId},#{itemId},#{itemName},#{requestUrl})
		]]>
	</insert>
	
	<select id="getRequestByRequestName" parameterType="String" resultType="com.ssc.sshz.peg.ptaf.inspection.bean.Request" resultMap="requestResultMap">
	<![CDATA[
			select * from request where request_name = #{requestName} 
		]]>
	</select>
	
	<select id="getRequestByItemIdAndPlanId" parameterType="request" resultType="list" resultMap="requestResultMap">
	<![CDATA[
			select * from request where item_id = #{itemId} and plan_id=#{planId}
		]]>
	</select>
		
	<select id="getRequestByRequestId" parameterType="Integer" resultType="com.ssc.sshz.peg.ptaf.inspection.bean.Request" resultMap="requestResultMap">
	<![CDATA[
			select * from request where request_id = #{requestId} 
		]]>
	</select>
	
	<select id="getRequestsByItemId" resultType="list" resultMap="requestResultMap">
		<![CDATA[
			select * from request where item_id = #{itemId} 
		]]>
	</select>
	
	<select id="getRequestsByPlanId" resultType="list" resultMap="requestResultMap">
		<![CDATA[
			select * from request where plan_id = #{planId} 
		]]>
	</select>
	
	<update id="updateByStatus" parameterType="request">
		<![CDATA[
		update request set request_name = #{requestName},item_id = #{itemId},item_name = #{itemName},request_url = #{requestUrl} where request_id = #{requestId}
		]]>
	</update>
</mapper>