<?xml version="1.0" encoding="UTF-8"?>
<!DOCTYPE mapper PUBLIC "-//mybatis.org//DTD Mapper 3.0//EN" "http://mybatis.org/dtd/mybatis-3-mapper.dtd">
<mapper namespace="com.ssc.sshz.peg.ptaf.inspection.mapper.RequestStatisticsMapper">
	<resultMap type="com.ssc.sshz.peg.ptaf.inspection.bean.RequestStatistics" id="requestStatisticsResultMap">
		<id property="summaryId" column="statistics_id"/>
		<id property="requestId" column="request_id"/>
		<id property="requestName" column="request_name"/>
		<id property="itemId" column="item_id"/>
		<id property="itemName" column="item_name" />
		<id property="briefId" column="brief_id"/>
		<id property="planId" column="plan_id"/>
		<id property="executionCount" column="execution_count"/>
		<id property="minResponseTime" column="min_response_time"/>
		<id property="maxResponseTime" column="max_response_time"/>
		<id property="avgResponseTime" column="avg_response_time"/>
		<id property="ninetyResponseTime" column="90th_response_time"/>
		<id property="stdResponseTime" column="std_response_time"/>
		<id property="errorCount" column="error_count"/>
		<id property="errorRate" column="error_rate"/>
	</resultMap>
		
	<select id="getAllRequestStatistics" resultType="list" resultMap="requestStatisticsResultMap">
		<![CDATA[
			select * from request_statistics
		]]>
	</select>
	
	<select id="getAllRequestStatisticsByItemId" parameterType="Integer" resultType="list" resultMap="requestStatisticsResultMap">
		<![CDATA[
			select * from request_statistics where item_id=#{itemId}
		]]>
	</select>
	
	<select id="getAllRequestStatisticsByBriefId" parameterType="Integer" resultType="list" resultMap="requestStatisticsResultMap">
		<![CDATA[
			select * from request_statistics where brief_id=#{briefId}
		]]>
	</select>
	
	<select id="getAllRequestStatisticsByItemIdAndBriefId" parameterType="requestStatistics" resultType="list" resultMap="requestStatisticsResultMap">
		<![CDATA[
			select * from request_statistics where brief_id=#{briefId} and item_id=#{itemId}
		]]>
	</select>
	
	<select id="getRequestStitistics" parameterType="requestStatistics"  resultType="requestStatistics" resultMap="requestStatisticsResultMap">
		<![CDATA[
			select * from request_statistics where statistics_id = #{summaryId}
		]]>
	</select>
	
	 <insert id="addRequestStatistics" useGeneratedKeys="true" keyProperty="summaryId" parameterType="requestStatistics">
		<![CDATA[
		insert into request_statistics(request_id,request_name,item_id,item_name, brief_id,plan_id,execution_count,min_response_time,90th_response_time,max_response_time,avg_response_time,std_response_time,error_count,error_rate) values (#{requestId},#{requestName},#{itemId},#{itemName},#{briefId},#{planId}, #{executionCount}, #{minResponseTime},#{ninetyResponseTime}, #{maxResponseTime}, #{avgResponseTime},#{stdResponseTime}, #{errorCount},#{errorRate})
		]]>
	</insert>
	
	<update id="updateRequestStitistics" parameterType="requestStatistics">
	<![CDATA[
		update request_statistics set request_id = #{requestId}, request_name = #{requestName}, item_id = #{itemId} , item_name = #{itemName} ,brief_id = #{briefId} ,plan_id = #{planId},execution_count = #{executionCount},min_response_time = #{minResponseTime},max_response_time = #{maxResponseTime},avg_response_time = #{avgResponseTime},error_count = #{errorCount} ,error_rate = #{errorRate} where statistics_id = #{summaryId}  
		]]>
	</update>
</mapper>