<?xml version="1.0" encoding="UTF-8"?>
<!DOCTYPE mapper PUBLIC "-//mybatis.org//DTD Mapper 3.0//EN" "http://mybatis.org/dtd/mybatis-3-mapper.dtd">
<mapper namespace="com.ssc.sshz.peg.ptaf.inspection.mapper.RightMapper">
	<resultMap type="com.ssc.sshz.peg.ptaf.inspection.bean.Right" id="rightResultMap">
		<id property="rightId" column="right_id"/>
		<id property="rightName" column="right_name"/>
		<id property="rightDescription" column="right_description"/>
	</resultMap>
	
	
	 <insert id="addRight" useGeneratedKeys="true" keyProperty="rightId" parameterType="right">
		<![CDATA[
		insert into inspection_right(right_name,right_description) values (#{rightName},#{rightDescription})
		]]>
	</insert>
	 <select id="getRightByRightName" parameterType="String" resultType="right" resultMap="rightResultMap">
		<![CDATA[
		select * from inspection_right where right_name = #{rightName}
		]]>
	</select>
</mapper>