<?xml version="1.0" encoding="UTF-8"?>
<!DOCTYPE mapper PUBLIC "-//mybatis.org//DTD Mapper 3.0//EN" "http://mybatis.org/dtd/mybatis-3-mapper.dtd">
<mapper namespace="com.ssc.sshz.peg.ptaf.inspection.mapper.RightProjectMapper">
	<resultMap type="com.ssc.sshz.peg.ptaf.inspection.bean.RightProject" id="rightProjectResultMap">
		<id property="relationId" column="relation_id"/>
		<result property="rightId" column="right_id"/>
		<result property="rightName" column="right_name"/>
		<result property="projectId" column="project_id"/>
		<result property="projectName" column="project_name"/>
	</resultMap>
	
	
	 <insert id="addRightProject" useGeneratedKeys="true" keyProperty="relationId" parameterType="rightProject">
		<![CDATA[
		insert into right_project(right_id,right_name,project_id,project_name) values (#{rightId},#{rightName},#{projectId},#{projectName})
		]]>
	</insert>
	
	<select id="getRightProjectByRightId" parameterType="Integer" resultType="rightProject" resultMap="rightProjectResultMap" >
	<![CDATA[
		select * from right_project where right_id = #{rightId};
	]]>
	</select>
	
	<select id="getRightProjectByRightName" parameterType="String" resultType="rightProject" resultMap="rightProjectResultMap" >
	<![CDATA[
		select * from right_project where right_name = #{rightName};
	]]>
	</select>
	
	<select id="getALLRightProject" resultType="List" resultMap="rightProjectResultMap" >
	<![CDATA[
		select * from right_project ;
	]]>
	</select>
	
	<select id="getRightProjectByUserId" parameterType="Integer" resultType="List" resultMap="rightProjectResultMap" >
	<![CDATA[
		select * from right_project where right_id in (select right_id from user_right where user_id = #{userId})
	]]>
	</select>
	
</mapper>