<?xml version="1.0" encoding="UTF-8"?>
<!DOCTYPE mapper PUBLIC "-//mybatis.org//DTD Mapper 3.0//EN" "http://mybatis.org/dtd/mybatis-3-mapper.dtd">
<mapper namespace="com.ssc.sshz.peg.ptaf.inspection.mapper.RightNotificationMapper">
	<resultMap type="com.ssc.sshz.peg.ptaf.inspection.bean.RightNotification" id="rightNoticeMapper">
		<id property="rightNotificationId" column="right_notification_id"/>
		<result property="userId" column="user_id"/>
		<result property="username" column="user_name"/>
		<result property="rightAdd" column="right_add"/>
		<result property="rightDelete" column="right_delete"/>
		<result property="description" column="description"/>
		<result property="isApproved" column="is_approved"/>
	</resultMap>
	
	
	 <insert id="addRightNotification" useGeneratedKeys="true" keyProperty="rightNotificationId" parameterType="rightNotification">
		<![CDATA[
		insert into right_notification(user_id,user_name,right_add,right_delete,description,is_approved) values (#{userId},#{username},#{rightAdd},#{rightDelete},#{description},#{isApproved})
		]]>
	</insert>
</mapper>