<?xml version="1.0" encoding="UTF-8"?>
<!DOCTYPE mapper PUBLIC "-//mybatis.org//DTD Mapper 3.0//EN" "http://mybatis.org/dtd/mybatis-3-mapper.dtd">
<mapper namespace="com.ssc.sshz.peg.ptaf.inspection.mapper.RuntimeMapper" >
	<resultMap type="com.ssc.sshz.peg.ptaf.inspection.bean.Runtime" id="runtimeResultMap">
		<id property="runtimeId" column="runtime_id"/>
		<id property="strategyId" column="strategy_id"/>
		<id property="startTime" column="start_time"/>
		<id property="endTime" column="end_time"/>
		<id property="intervalTime" column="interval_time"/>
		<id property="runType" column="run_type"/>
		<id property="runtimeDescription" column="runtime_description"/>
		<id property="repeatCount" column="repeat_count"/>
		<id property="runtimeUUID" column="runtime_uuid"/>
		
	</resultMap>
	
	<select id="getAllRuntime" resultType="list" resultMap="runtimeResultMap" >
		<![CDATA[
			select * from runtime where 
		]]>
	</select>
	
	<select id="getRuntimeById" parameterType="Integer"  resultType="com.ssc.sshz.peg.ptaf.inspection.bean.Runtime" resultMap="runtimeResultMap">
		<![CDATA[
		select * from runtime where runtime_id=#{runtimeId}
		]]>
	</select>

	
	<select id="getRuntime" parameterType="Runtime"  resultType="com.ssc.sshz.peg.ptaf.inspection.bean.Runtime" resultMap="runtimeResultMap">
		<![CDATA[
		select * from runtime where runtime 
		]]>
	</select>
	
	<select id="getRuntimeByUUID" parameterType="String"  resultType="com.ssc.sshz.peg.ptaf.inspection.bean.Runtime" resultMap="runtimeResultMap">
		<![CDATA[
		select * from runtime where runtime_uuid = #{runtimeUUID}
		]]>
	</select>
	
	<select id="getRuntimeByPlanId" parameterType="Integer"  resultType="com.ssc.sshz.peg.ptaf.inspection.bean.Runtime" resultMap="runtimeResultMap">
		<![CDATA[
		select * from runtime where strategy_id=(
               select strategy_id from plan_strategy where plan_id=#{planId})
		]]>
	</select>
	

	<insert id="addRuntime" useGeneratedKeys="true" keyProperty="runtimeId" parameterType="Runtime">
		<![CDATA[
		insert into runtime (strategy_id,run_type,start_time,end_time,interval_time,runtime_description,runtime_uuid,repeat_count) values (#{strategyId},#{runType},#{startTime},#{endTime},#{intervalTime},#{runtimeDescription},#{runtimeUUID},#{repeatCount})
		]]>
	</insert>
	
	
	<delete id="delRuntimeById" parameterType="Runtime">
	    delete from runtime where runtime_id= #{runtimeId}
	</delete>	

	<select id="getRuntimeByStrategyId" parameterType="Integer" resultType="list" resultMap="runtimeResultMap" >
		<![CDATA[
			select * from runtime where strategy_id=#{id}
		]]>
	</select>

	<update id="updateRuntime" parameterType="Runtime" >
		<![CDATA[
			update runtime set strategy_id = #{strategyId}, run_type = #{runType}, start_time = #{startTime} , end_time = #{endTime}, interval_time = #{intervalTime}, runtime_description = #{runtimeDescription},repeat_count = #{repeatCount} where runtime_id = #{runtimeId} 
		]]>
	</update> 
	<!-- generate PK by selectKey -->
<!-- 
	<sql id="user_name_pwd">
		username, password
	</sql>
	<insert id="addProject4Key" parameterType="project">
	<selectKey keyProperty="project_id" order="BEFORE" resultType="int">
	select cast(random() * 10000 as Integer) a from #Tab
	</selectKey>
 	 insert into project(project_id, status, username, password)   
	 values(#{projectId}, #{status}, #{username}, #{password}) 
 	</insert>
	
	<update id="editProject" parameterType="project">
		update project set   status = #{status},   username = #{username},   password = #{password} 
  		where projectId = #{projectId} 
 	</update>

	<delete id="removeProject" parameterType="int">
		delete from project where project_id = #{id}  
	</delete> -->
	
</mapper>