<?xml version="1.0" encoding="UTF-8"?>
<!DOCTYPE mapper PUBLIC "-//mybatis.org//DTD Mapper 3.0//EN" "http://mybatis.org/dtd/mybatis-3-mapper.dtd">
<mapper namespace="com.ssc.sshz.peg.ptaf.inspection.mapper.RuntimeTriggerMapper" >
<resultMap type="com.ssc.sshz.peg.ptaf.inspection.bean.RuntimeTrigger" id="joinTablesResultMap">
		<id property="relationId" column="relation_id"/>
		<result property="runtimeId" column="runtime_id"/>
		<result property="schedulerInsName" column="scheduler_instance_name"/>
		<result property="jobGroupName" column="job_group_name"/>
		<result property="tiggerGroupName" column="trigger_group_name"/>
		<result property="jobName" column="job_name"/>
		<result property="triggerName" column="trigger_name"/>
		<association property="trigger" javaType="com.ssc.sshz.peg.ptaf.inspection.bean.QrtzTriggers" >
			<id property="nextFireTime" column="NEXT_FIRE_TIME"/>
			<result property="prevFireTime" column="PREV_FIRE_TIME"/>
			<result property="triggerState" column="TRIGGER_STATE"/>
			<result property="triggerType" column="TRIGGER_TYPE"/>
			<result property="startTime" column="START_TIME"/>
			<result property="endTime" column="END_TIME"/>
		</association>
		<association property="runtime" javaType="com.ssc.sshz.peg.ptaf.inspection.bean.Runtime" >
			<id property="runtimeId" column="runtime_id"/>
			<result property="startTime" column="start_time"/>
			<result property="endTime" column="end_time"/>
			<result property="intervalTime" column="interval_time"/>
			<result property="repeatCount" column="repeat_count"/>
		</association>
		<association property="planStrategy" javaType="com.ssc.sshz.peg.ptaf.inspection.bean.PlanStrategy" >
			<id property="strategyId" column="strategy_id"/>
			<result property="strategyLoad" column="strategy_load"/>
			<result property="loopCount" column="loop_count"/>
		</association>
		<association property="plan" javaType="com.ssc.sshz.peg.ptaf.inspection.bean.Plan"  >
			<id property="planId" column="plan_id"/>
			<result property="planName" column="plan_name"/>
		</association>
		<association property="system" javaType="com.ssc.sshz.peg.ptaf.inspection.bean.System"  >
			<id property="systemId" column="system_id"/>
			<result property="systemName" column="system_name"/>
		</association>
		<association property="project" javaType="com.ssc.sshz.peg.ptaf.inspection.bean.Project"  >
			<id property="projectId" column="project_id"/>
			<result property="projectName" column="project_name"/>
		</association>
	</resultMap>
	
	<resultMap type="com.ssc.sshz.peg.ptaf.inspection.bean.RuntimeTrigger" id="runtimeTriggerResultMap">
		<id property="relationId" column="relation_id"/>
		<result property="runtimeId" column="runtime_id"/>
		<result property="schedulerInsName" column="scheduler_instance_name"/>
		<result property="jobGroupName" column="job_group_name"/>
		<result property="tiggerGroupName" column="trigger_group_name"/>
		<result property="jobName" column="job_name"/>
		<result property="triggerName" column="trigger_name"/>
	</resultMap>
	
	<select id="getAllRuntimeTrigger" resultType="list" resultMap="runtimeTriggerResultMap" >
		<![CDATA[
			select * from runtime_trigger 
		]]>
	</select>
	
	<select id="getRuntimeTriggerByRuntimeId" parameterType="Integer"  resultType="runtimeTrigger" resultMap="runtimeTriggerResultMap">
		<![CDATA[
		select * from runtime_trigger where runtime_id=#{runtimeId}
		]]>
	</select>

	<insert id="addRuntimeTrigger" useGeneratedKeys="true" keyProperty="relationId" parameterType="runtimeTrigger">
		<![CDATA[
		insert into runtime_trigger (runtime_id,scheduler_instance_name,job_group_name,trigger_group_name,job_name,trigger_name) values (#{runtimeId},#{schedulerInsName},#{jobGroupName},#{tiggerGroupName},#{jobName},#{triggerName})
		]]>
	</insert>
	
	
	<delete id="delRuntimeTriggerByRuntimeId" parameterType="Integer">
	    delete from runtime_trigger where runtime_id= #{runtimeId} 
	</delete>	

	<delete id="delRuntimeTriggerByJobName" parameterType="String">
	    delete from runtime_trigger where job_name= #{jobName} 
	</delete>	
	
	<delete id="delRuntimeTriggerByTriggerName" parameterType="String">
	    delete from runtime_trigger where trigger_name= #{triggerName} 
	</delete>	
	
	<update id="updateRuntimeTrigger" parameterType="runtimeTrigger" >
		<![CDATA[
			update runtime_trigger set scheduler_instance_name = #{schedulerInsName}, job_group_name = #{jobGroupName}, trigger_group_name = #{tiggerGroupName} , job_name = #{jobName}, trigger_name = #{triggerName} where runtime_id = #{runtimeId} 
		]]>
	</update> 
			
	 <select id="getJobStateByUser" parameterType="String" resultType="List" resultMap="joinTablesResultMap">
		select
		project.project_id,project.project_name,
		system.system_id,system.system_name,
		plan.plan_id,plan.plan_name,
		plan_strategy.strategy_id,plan_strategy.strategy_load,plan_strategy.loop_count, 
		runtime.runtime_id,runtime.start_time, runtime.end_time,runtime.repeat_count,
		runtime_trigger.relation_id,runtime_trigger.trigger_name,
		qrtz_triggers.next_fire_time, qrtz_triggers.prev_fire_time,qrtz_triggers.trigger_state
		from qrtz_triggers 
		left join runtime_trigger on qrtz_triggers.trigger_name = runtime_trigger.trigger_name
		left join runtime on runtime.runtime_id = runtime_trigger.runtime_id
		left join plan_strategy on runtime.strategy_id = plan_strategy.strategy_id
		left join plan on plan_strategy.plan_id = plan.plan_id
		left join system on plan.system_id = system.system_id
		left join project on system.project_id = project.project_id
		where project.project_creator_name = #{username};
	</select> 
	
	
	<select id="getJobStateByProjectName" parameterType="String" resultType="List" resultMap="joinTablesResultMap">
		select
		project.project_id,project.project_name,
		system.system_id,system.system_name,
		plan.plan_id,plan.plan_name,
		plan_strategy.strategy_id,plan_strategy.strategy_load,plan_strategy.loop_count, 
		runtime.runtime_id,runtime.start_time, runtime.end_time,runtime.repeat_count,
		runtime_trigger.relation_id,runtime_trigger.trigger_name,
		qrtz_triggers.next_fire_time, qrtz_triggers.prev_fire_time,qrtz_triggers.trigger_state
		from qrtz_triggers 
		left join runtime_trigger on qrtz_triggers.trigger_name = runtime_trigger.trigger_name
		left join runtime on runtime.runtime_id = runtime_trigger.runtime_id
		left join plan_strategy on runtime.strategy_id = plan_strategy.strategy_id
		left join plan on plan_strategy.plan_id = plan.plan_id
		left join system on plan.system_id = system.system_id
		left join project on system.project_id = project.project_id
		where project.project_name = #{projectName};
	</select> 
		
</mapper>