<?xml version="1.0" encoding="UTF-8"?>
<!DOCTYPE mapper PUBLIC "-//mybatis.org//DTD Mapper 3.0//EN" "http://mybatis.org/dtd/mybatis-3-mapper.dtd">
<mapper namespace="com.ssc.sshz.peg.ptaf.inspection.mapper.ScriptMapper">
	<resultMap type="com.ssc.sshz.peg.ptaf.inspection.bean.Script" id="scriptResultMap">
		<id property="scriptId" column="script_id"/>
		<id property="scriptName" column="script_name"/>
		<id property="scriptFile" column="script_file" />
		<id property="isValid" column="is_valid"/>
		<id property="uploadTime" column="upload_time"/>
		<id property="uploaderId" column="uploader_id"/>
		<id property="uploaderName" column="uploader_name"/>
		<id property="scriptDescription" column="script_description"/>
	</resultMap>
		
	<select id="getAllScript" resultType="list" resultMap="scriptResultMap">
		<![CDATA[
			select * from script
		]]>
	</select>
	
	<select id="getScript" parameterType="script"  resultType="script" resultMap="scriptResultMap">
		<![CDATA[
			select * from script where script_name = #{scriptName} and uploader_name = #{uploaderName} and is_valid = #{isValid}
		]]>
	</select>
	
	<select id="getScriptById" parameterType="Integer"  resultType="script" resultMap="scriptResultMap">
		<![CDATA[
			select * from script where script_id = #{id} 
		]]>
	</select>
	
	<select id="getScriptByName" parameterType="String" resultType="script" resultMap="scriptResultMap">
		<![CDATA[
			select * from script where script_name = #{name} 
		]]>	  
	 </select> 
	 
	 <insert id="addScript" useGeneratedKeys="true" keyProperty="scriptId" parameterType="script">
		<![CDATA[
		insert into script(script_id,script_name,script_file,is_valid,upload_time,uploader_id,uploader_name,script_description) values (#{scriptId},#{scriptName},#{scriptFile},#{isValid},now(),#{uploaderId},#{uploaderName},#{scriptDescription})
		]]>
	</insert>
	
	<delete id="delScriptById" parameterType="Integer">
		delete from script where script_id = #{id}
	</delete>	
	
	<delete id="delScriptByName" parameterType="String">
		delete from script where script_name = #{name}
	</delete>
	<update id="updateScript" parameterType="script" >
		update script set script_name = #{scriptName},script_file = #{scriptFile},is_valid = #{isValid},upload_time = now(),uploader_id = #{uploaderId},uploader_name = #{uploaderName},script_description = #{scriptDescription} where script_id = #{scriptId}
	</update>
	
</mapper>