<?xml version="1.0" encoding="UTF-8"?>
<!DOCTYPE mapper PUBLIC "-//mybatis.org//DTD Mapper 3.0//EN" "http://mybatis.org/dtd/mybatis-3-mapper.dtd">
<mapper namespace="com.ssc.sshz.peg.ptaf.inspection.mapper.SystemItemMapper">
	<resultMap type="com.ssc.sshz.peg.ptaf.inspection.bean.SystemItem" id="systemitemResultMap">
		<id property="relationId" column="relation_id"/>
		<id property="systemId" column="system_id"/>
		<id property="systemName" column="system_name"/>
		<id property="itemId" column="item_id"/>
		<id property="itemName" column="item_name"/>
	</resultMap>
	
	<insert id="addSystemItem" useGeneratedKeys="true" keyProperty="relationId" parameterType="SystemItem">
		<![CDATA[
		insert into system_item (system_id,system_name,item_id,item_name)values (#{systemId},#{systemName},#{itemId},#{itemName})
		]]>
	</insert>
	
</mapper>