<?xml version="1.0" encoding="UTF-8"?>
<!DOCTYPE mapper PUBLIC "-//mybatis.org//DTD Mapper 3.0//EN" "http://mybatis.org/dtd/mybatis-3-mapper.dtd">
<mapper namespace="com.ssc.sshz.peg.ptaf.inspection.mapper.SystemMapper">
	<resultMap type="com.ssc.sshz.peg.ptaf.inspection.bean.System" id="systemResultMap">
		<id property="systemId" column="system_id"/>
		<id property="systemName" column="system_name"/>
		<id property="systemVersion" column="system_version"/>
		<id property="systemEnv" column="system_env"/>
		<id property="projectId" column="project_id"/>
		<id property="projectName" column="project_name"/>
		<id property="systemDescription" column="system_description"/>
		<id property="systemuuid" column="system_uuid"/>
	</resultMap>
	
	<select id="getAllSystem" resultType="list" resultMap="systemResultMap" >
		<![CDATA[
			select * from system 
		]]>
	</select>
	
	<select id="getSystemByProjectName"  parameterType="String" resultType="list" resultMap="systemResultMap" >
		<![CDATA[
			select * from system where project_name=#{projectName}
		]]>
	</select>

 	<select id="getSystemByProjectId"  parameterType="Integer" resultType="list" resultMap="systemResultMap" >
		<![CDATA[
			select * from system where project_id=#{projectId}
		]]>
	</select>

	<insert id="addSystem" useGeneratedKeys="true" keyProperty="systemId" parameterType="System">
	<![CDATA[
	insert into system(system_name,system_version,system_env,project_id,project_name,system_description,system_uuid) values (#{systemName},#{systemVersion},#{systemEnv},#{projectId},#{projectName},#{systemDescription},uuid())
	]]>
	</insert>
	
	<select id="getSystemById" parameterType="Integer" resultType="com.ssc.sshz.peg.ptaf.inspection.bean.System" resultMap="systemResultMap">
	<![CDATA[
		select * from system where system_id=#{systemId} 
	]]>
	</select>
	
	
	<select id="getSystemByuuid" parameterType="String" resultType="com.ssc.sshz.peg.ptaf.inspection.bean.System" resultMap="systemResultMap">
	<![CDATA[
		select * from system where system_uuid=#{systemuuid} 
	]]>
	</select>
	
	<select id="getSystemByNameVersionEnv" parameterType="System" resultType="com.ssc.sshz.peg.ptaf.inspection.bean.System" resultMap="systemResultMap">
	<![CDATA[
		select * from system where system_name=#{systemName} and system_version=#{systemVersion} and system_env=#{systemEnv}
	]]>
	</select>
	
	<select id="getSystemByName" parameterType="String" resultType="com.ssc.sshz.peg.ptaf.inspection.bean.System" resultMap="systemResultMap">
	<![CDATA[
		select * from system where system_name=#{systemName} 
	]]>
	</select>
	
    <delete id="delSystem" parameterType="Integer">
	delete from system where system_Id=#{systemId}
	</delete>
	
</mapper>