<?xml version="1.0" encoding="UTF-8"?>
<!DOCTYPE mapper PUBLIC "-//mybatis.org//DTD Mapper 3.0//EN" "http://mybatis.org/dtd/mybatis-3-mapper.dtd">
<mapper namespace="com.ssc.sshz.peg.ptaf.inspection.mapper.TestBriefMapper">
	<resultMap type="com.ssc.sshz.peg.ptaf.inspection.bean.TestBrief" id="testBriefResultMap">
		<id property="briefId" column="brief_id"/>
		<id property="planId" column="plan_id"/>
		<id property="planName" column="plan_name" />
		<id property="startTime" column="start_time"/>
		<id property="endTime" column="end_time"/>
		<id property="isAutomated" column="is_automated"/>
		<id property="executorId" column="executor_id"/>
		<id property="executorName" column="executor_name"/>
		<id property="status" column="status"/>
		<id property="isPassed" column="is_passed"/>
		<id property="hasError" column="has_error"/>
		<!-- <id property="errorInformation" column="error_information"/> -->
		<id property="resultFolderPath" column="result_folder_path"/>
		<id property="summaryId" column="summary_id"/>
	</resultMap>
		
	<select id="getAllTestBrief" resultType="list" resultMap="testBriefResultMap">
		<![CDATA[
			select * from test_brief
		]]>
	</select>

	
	<select id="getTestBriefByPlanId" parameterType="Integer" resultType="list" resultMap="testBriefResultMap">
		<![CDATA[
			select * from test_brief where plan_id=#{planId}
		]]>
	</select>
	
	<select id="getTestBriefByPlanIdStartTimeEndTime" parameterType="testBrief" resultType="list" resultMap="testBriefResultMap">
		<![CDATA[
			select * from test_brief where plan_id=#{planId} and start_time>=#{startTime} and end_time<=#{endTime}
		]]>
	</select>
	
	<select id="getLatestTestBriefByExecutorId" parameterType="Integer" resultType="list" resultMap="testBriefResultMap">
		<![CDATA[
			select * from test_brief where executor_id=#{executorId} order by brief_id
		]]>
	</select>
	
	
	
	<select id="getTestBrief" parameterType="testBrief"  resultType="testBrief" resultMap="testBriefResultMap">
		<![CDATA[
			select * from test_brief where executor_id = #{executorId} and plan_id = #{planId} and status = #{status} and summary_id = #{summaryId}
		]]>
	</select>
	
	<select id="getTestBriefWioutSummaryId" parameterType="testBrief"  resultType="testBrief" resultMap="testBriefResultMap">
		<![CDATA[
			select * from test_brief where executor_id = #{executorId} and plan_id = #{planId} and status = #{status} 
		]]>
	</select>
	
	<select id="getTestBriefByBriefId" parameterType="Integer"  resultType="testBrief" resultMap="testBriefResultMap">
		<![CDATA[
			select * from test_brief where brief_id = #{birefId}
		]]>
	</select>
	
	<select id="getTestBriefBySystemuuid" parameterType="String"  resultType="testBrief" resultMap="testBriefResultMap">
		<![CDATA[
			select * from test_brief where plan_id=(
				select plan_id from plan where system_id=( 
					select system_id from system where system_uuid=#{systemuuid} ))
		]]>
	</select>
	
	 <insert id="addTestBrief" useGeneratedKeys="true" keyProperty="briefId" parameterType="testBrief">
		<![CDATA[
		insert into test_brief(plan_id,plan_name, is_automated,executor_id,executor_name,status,summary_id) values (#{planId},#{planName},#{isAutomated},#{executorId}, #{executorName}, #{status}, #{summaryId})
		]]>
	</insert>
	

	<update id="updateTestBrief" parameterType="testBrief">
	<![CDATA[
		update test_brief set plan_id = #{planId} , plan_name = #{planName} ,start_time = #{startTime}, end_time = #{endTime} ,is_automated = #{isAutomated},executor_id = #{executorId}, executor_name = #{executorName}, status = #{status},is_passed = #{isPassed},has_error = #{hasError} , result_folder_path = #{resultFolderPath} where brief_id = #{briefId}
		]]>
	</update>
	
	<update id="updateTestBriefStatus" parameterType="testBrief">
	<![CDATA[
		update test_brief set status = #{status} where brief_id = #{briefId}
		]]>
	</update>
	
	<select id="getAllTestBriefCountBySummaryId" resultType="Integer"  parameterType="String">
		<![CDATA[
			select count(*) from test_brief where summary_id = #{summayId} 
		]]>
	</select>
	
	<select id="getTestBriefByProjectName" resultType="List" resultMap="testBriefResultMap" parameterType="String">
		<![CDATA[
			select * from test_brief where plan_id in (select plan_id from plan where system_id in (select system_id from system where project_id = (select project_id from project where project_name = #{projectName}))) order by test_brief.brief_id desc;
		]]>
	</select> 
	
	
</mapper>