<?xml version="1.0" encoding="UTF-8"?>
<!DOCTYPE mapper PUBLIC "-//mybatis.org//DTD Mapper 3.0//EN" "http://mybatis.org/dtd/mybatis-3-mapper.dtd">
<mapper namespace="com.ssc.sshz.peg.ptaf.inspection.mapper.TestErrorMapper">
	<resultMap type="com.ssc.sshz.peg.ptaf.inspection.bean.TestError" id="testErrorResultMap">
		<id property="errorId" column="error_id"/>
		<id property="errorType" column="error_type"/>
		<id property="errorName" column="error_name" />
		<id property="errorMessage" column="error_message"/>
		<id property="errorDetail" column="error_detail"/>
		<id property="briefId" column="brief_id"/>
	</resultMap>
		
	<select id="getAllTestError" resultType="list" resultMap="testErrorResultMap">
		<![CDATA[
			select * from test_error
		]]>
	</select>
	
	
	<select id="getTestErrorByBriefId" parameterType="Integer" resultType="list" resultMap="testErrorResultMap">
		<![CDATA[
			select * from test_error where brief_id=#{briefId}
		]]>
	</select>
	
	
	 <insert id="addTestError" useGeneratedKeys="true" keyProperty="error_id" parameterType="testError">
		<![CDATA[
		insert into test_error(error_type,error_name, error_message,error_detail,brief_id) values (#{errorType},#{errorName},#{errorMessage}, #{errorDetail}, #{briefId})
		]]>
	</insert>

	
	<select id="getTestError" parameterType="testError" resultType="testError" resultMap="testErrorResultMap">
		<![CDATA[
			select * from test_error where error_type=#{errorType} and error_name=#{errorName} and error_message=#{errorMessage} and brief_id=#{briefId}
		]]>
	</select>
	
	<select id="getTestErrorByBriefAndType" parameterType="testError" resultType="list" resultMap="testErrorResultMap">
		<![CDATA[
			select * from test_error where brief_id=#{briefId} and errorType=#{error_type}
		]]>
	</select>
	
</mapper>