<?xml version="1.0" encoding="UTF-8"?>
<!DOCTYPE mapper PUBLIC "-//mybatis.org//DTD Mapper 3.0//EN" "http://mybatis.org/dtd/mybatis-3-mapper.dtd">
<mapper namespace="com.ssc.sshz.peg.ptaf.inspection.mapper.UserRightMapper">
	<resultMap type="com.ssc.sshz.peg.ptaf.inspection.bean.UserRight"
		id="userRightResultMap">
		<id property="relationId" column="relation_id" />
		<id property="userId" column="user_id" />
		<id property="userName" column="username" />
		<id property="rightId" column="right_id" />
		<id property="rightName" column="right_name" />
		<id property="relationDescription" column="relation_description" />
	</resultMap>

	<insert id="addUserRight" useGeneratedKeys="true" keyProperty="relationId"
		parameterType="userRight">
		<![CDATA[
		insert into user_right(user_id,username,right_id,right_name,relation_description) values (#{userId},#{userName},#{rightId},#{rightName},#{relationDescription})
		]]>
	</insert>
	
	<select id="getUserRightByUser" parameterType="Integer" resultType="List" resultMap="userRightResultMap">
		<![CDATA[
			select * from user_right where user_id = #{userId} 
		]]>
		</select>
	
</mapper>