<?xml version="1.0" encoding="UTF-8"?>
<!DOCTYPE mapper PUBLIC "-//mybatis.org//DTD Mapper 3.0//EN" "http://mybatis.org/dtd/mybatis-3-mapper.dtd">
<mapper namespace="com.ssc.sshz.peg.ptaf.inspection.mapper.UserGroupMapper">
	<resultMap type="com.ssc.sshz.peg.ptaf.inspection.bean.UserGroup" id="userGroupResultMap">
		<id property="relationId" column="relation_id"/>
		<id property="userId" column="user_id"/>
		<id property="username" column="user_name"/>
		<id property="groupId" column="group_id" />
		<id property="groupName" column="group_name"/>
		<id property="relationDescription" column="relation_description"/>
	</resultMap>
	
	 <insert id="addUserGroup" useGeneratedKeys="true" keyProperty="relationId" parameterType="userGroup">
		<![CDATA[
		insert into user_group(user_id,user_name, group_id, group_name, relation_description) values (#{userId},#{username},#{groupId},#{groupName},#{relationDescription})
		]]>
	</insert>
	
	<select id="getUserGroupByUserId" parameterType="Integer" resultType="List" resultMap="userGroupResultMap">
	<![CDATA[
		select * from user_group where user_id = #{userId} 
	]]>
	</select>
	
</mapper>