<?xml version="1.0" encoding="UTF-8"?>
<!DOCTYPE mapper PUBLIC "-//mybatis.org//DTD Mapper 3.0//EN" "http://mybatis.org/dtd/mybatis-3-mapper.dtd">
<mapper namespace="com.ssc.sshz.peg.ptaf.inspection.mapper.UserMapper">
	<resultMap type="com.ssc.sshz.peg.ptaf.inspection.bean.User" id="userResultMap">
		<id property="userId" column="user_id"/>
		<id property="userName" column="username"/>
		<id property="passWord" column="password"/>
		<id property="realName" column="real_name"/>
		<id property="telephonePrimary" column="telephone_primary"/>
		<id property="telephoneSecond" column="telephone_second"/>
		<id property="email" column="email"/>
		<id property="createTime" column="create_time"/>
		<id property="lastLoginTime" column="last_login_time"/>
		<id property="lastLoginIp" column="last_login_ip"/>
		<id property="loginCount" column="login_count"/>
	</resultMap>
	
	<insert id="addUser" useGeneratedKeys="true" keyProperty="userId" parameterType="User">
		<![CDATA[
		insert into inspection_user values (#{userId},#{userName},MD5(#{passWord}),#{realName},#{telephonePrimary},#{telephoneSecond},#{email},now(),now(),"10.10.10.10",1)
		]]>
	</insert>
	
	<select id="getUserByName" parameterType="String" resultType="com.ssc.sshz.peg.ptaf.inspection.bean.User" resultMap="userResultMap">
	<![CDATA[
		select * from inspection_user where username = #{userName} 
	]]>
	</select>
	
	<select id="getUserById" parameterType="Integer" resultType="com.ssc.sshz.peg.ptaf.inspection.bean.User" resultMap="userResultMap">
	<![CDATA[
		select * from inspection_user where user_id = #{id} 
	]]>
	</select>
	
	<select id="getAllUsers" resultType="List" resultMap="userResultMap">
	<![CDATA[
		select * from inspection_user ; 
	]]>
	</select>
	
</mapper>